SGVsbG8sIHdvcmxkISAxMjMgc3BhY2VzICBoZXJlLg==	9707 11 1879 0 220 16 17 18 12621 220 1588 13 
VGhlIHF1aWNrIGJyb3duIGZveCBqdW1wcyBvdmVyIHRoZSBsYXp5IGRvZy4=	785 3974 13876 38835 34208 916 279 15678 5562 13 
ZGVmIGZpYm9uYWNjaShuKTo=	750 75698 1445 1648 
ICAgIHJldHVybiBuIGlmIG4gPCAyIGVsc2UgZmlib25hY2NpKG4tMSkgKyBmaWJvbmFjY2kobi0yKQ==	262 470 308 421 308 366 220 17 770 75698 1445 12 16 8 488 75698 1445 12 17 8 
UHJpY2VzOiAkMSwyMzQuNTYgYW5kIDc4JSBvZmYgKGxpbWl0ZWQgdGltZSkh	62718 25 400 16 11 17 18 19 13 20 21 323 220 22 23 4 1007 320 18235 882 41295 
bXVsdGlwbGUgICAgc3BhY2VzCWFuZAl0YWJzIGVuZCAgIA==	35673 262 12621 52477 3244 3435 835 262 
bmHDr3ZlIGNhZsOpIHLDqXN1bcOpIOKAlCBlbS1kYXNoIGFuZCDDvG7Dr2PDtmTDqQ==	3376 37572 586 51950 9333 1242 963 1959 976 1737 988 323 10489 77 37572 66 2956 128505 
SlNPTjogeyJrZXkiOiBbMSwgMiwgM10sICJuZXN0ZWQiOiB7ImEiOiB0cnVlfX0=	5370 25 5212 792 788 508 16 11 220 17 11 220 18 1125 330 59271 788 5212 64 788 830 3417 
Q2FtZWxDYXNlV29yZHMgYW5kIHNuYWtlX2Nhc2Vfd29yZHMgYW5kIGtlYmFiLWNhc2Utd29yZHM=	25406 301 4207 23489 323 25265 19096 18981 323 1962 47722 38485 12 5761 
SSdsbCwgeW91J3JlLCB3ZSd2ZSwgZG9uJ3QsIGl0J3MsIHRoZXknZCwgY2FuJ3Q=	40 3278 11 498 2299 11 582 3003 11 1513 944 11 432 594 11 807 4172 11 646 944 
5paw44GX44GE5pel5pys6Kqe44Gu44OG44Kt44K544OI44GobWl4ZWQgRW5nbGlzaCDmvKLlrZc=	131081 101059 102819 15767 56833 61803 70534 19182 56685 6364 6567 120 95 18600 
VVJMIGh0dHBzOi8vZXhhbXBsZS5jb20vcGF0aD9xPTEmeD0yI2ZyYWc=	3144 3703 1110 8687 905 50976 43782 28 16 5 87 28 17 2 33198 
