sample	observed_at	listener_count	command_sha256	owner_label_sha256	health_status	models_status	model_alias
0	2026-08-29T17:43:47Z	1	a0c13c8d7e84fa92c76db532db0a6fed13b3b42313a75e10b8f69e252f76a91d	b567298df044cecdac3cf921d7cb971e4665db7b5407fb634647a910e3abbdb7	200	200	qwen3.6-27b
1	2026-08-29T17:43:48Z	1	a0c13c8d7e84fa92c76db532db0a6fed13b3b42313a75e10b8f69e252f76a91d	b567298df044cecdac3cf921d7cb971e4665db7b5407fb634647a910e3abbdb7	200	200	qwen3.6-27b
2	2026-08-29T17:43:49Z	1	a0c13c8d7e84fa92c76db532db0a6fed13b3b42313a75e10b8f69e252f76a91d	b567298df044cecdac3cf921d7cb971e4665db7b5407fb634647a910e3abbdb7	200	200	qwen3.6-27b
3	2026-08-29T17:43:50Z	1	a0c13c8d7e84fa92c76db532db0a6fed13b3b42313a75e10b8f69e252f76a91d	b567298df044cecdac3cf921d7cb971e4665db7b5407fb634647a910e3abbdb7	200	200	qwen3.6-27b
4	2026-08-29T17:43:52Z	1	a0c13c8d7e84fa92c76db532db0a6fed13b3b42313a75e10b8f69e252f76a91d	b567298df044cecdac3cf921d7cb971e4665db7b5407fb634647a910e3abbdb7	200	200	qwen3.6-27b
5	2026-08-29T17:43:53Z	1	a0c13c8d7e84fa92c76db532db0a6fed13b3b42313a75e10b8f69e252f76a91d	b567298df044cecdac3cf921d7cb971e4665db7b5407fb634647a910e3abbdb7	200	200	qwen3.6-27b
6	2026-08-29T17:43:54Z	1	a0c13c8d7e84fa92c76db532db0a6fed13b3b42313a75e10b8f69e252f76a91d	b567298df044cecdac3cf921d7cb971e4665db7b5407fb634647a910e3abbdb7	200	200	qwen3.6-27b
7	2026-08-29T17:43:55Z	1	a0c13c8d7e84fa92c76db532db0a6fed13b3b42313a75e10b8f69e252f76a91d	b567298df044cecdac3cf921d7cb971e4665db7b5407fb634647a910e3abbdb7	200	200	qwen3.6-27b
8	2026-08-29T17:43:56Z	1	a0c13c8d7e84fa92c76db532db0a6fed13b3b42313a75e10b8f69e252f76a91d	b567298df044cecdac3cf921d7cb971e4665db7b5407fb634647a910e3abbdb7	200	200	qwen3.6-27b
9	2026-08-29T17:43:57Z	1	a0c13c8d7e84fa92c76db532db0a6fed13b3b42313a75e10b8f69e252f76a91d	b567298df044cecdac3cf921d7cb971e4665db7b5407fb634647a910e3abbdb7	200	200	qwen3.6-27b
10	2026-08-29T17:43:58Z	1	a0c13c8d7e84fa92c76db532db0a6fed13b3b42313a75e10b8f69e252f76a91d	b567298df044cecdac3cf921d7cb971e4665db7b5407fb634647a910e3abbdb7	200	200	qwen3.6-27b
11	2026-08-29T17:44:00Z	1	a0c13c8d7e84fa92c76db532db0a6fed13b3b42313a75e10b8f69e252f76a91d	b567298df044cecdac3cf921d7cb971e4665db7b5407fb634647a910e3abbdb7	200	200	qwen3.6-27b
12	2026-08-29T17:44:01Z	1	a0c13c8d7e84fa92c76db532db0a6fed13b3b42313a75e10b8f69e252f76a91d	b567298df044cecdac3cf921d7cb971e4665db7b5407fb634647a910e3abbdb7	200	200	qwen3.6-27b
13	2026-08-29T17:44:02Z	1	a0c13c8d7e84fa92c76db532db0a6fed13b3b42313a75e10b8f69e252f76a91d	b567298df044cecdac3cf921d7cb971e4665db7b5407fb634647a910e3abbdb7	200	200	qwen3.6-27b
14	2026-08-29T17:44:03Z	1	a0c13c8d7e84fa92c76db532db0a6fed13b3b42313a75e10b8f69e252f76a91d	b567298df044cecdac3cf921d7cb971e4665db7b5407fb634647a910e3abbdb7	200	200	qwen3.6-27b
15	2026-08-29T17:44:04Z	1	a0c13c8d7e84fa92c76db532db0a6fed13b3b42313a75e10b8f69e252f76a91d	b567298df044cecdac3cf921d7cb971e4665db7b5407fb634647a910e3abbdb7	200	200	qwen3.6-27b
16	2026-08-29T17:44:06Z	1	a0c13c8d7e84fa92c76db532db0a6fed13b3b42313a75e10b8f69e252f76a91d	b567298df044cecdac3cf921d7cb971e4665db7b5407fb634647a910e3abbdb7	200	200	qwen3.6-27b
17	2026-08-29T17:44:07Z	1	a0c13c8d7e84fa92c76db532db0a6fed13b3b42313a75e10b8f69e252f76a91d	b567298df044cecdac3cf921d7cb971e4665db7b5407fb634647a910e3abbdb7	200	200	qwen3.6-27b
18	2026-08-29T17:44:08Z	1	a0c13c8d7e84fa92c76db532db0a6fed13b3b42313a75e10b8f69e252f76a91d	b567298df044cecdac3cf921d7cb971e4665db7b5407fb634647a910e3abbdb7	200	200	qwen3.6-27b
19	2026-08-29T17:44:10Z	1	a0c13c8d7e84fa92c76db532db0a6fed13b3b42313a75e10b8f69e252f76a91d	b567298df044cecdac3cf921d7cb971e4665db7b5407fb634647a910e3abbdb7	200	200	qwen3.6-27b
20	2026-08-29T17:44:11Z	1	a0c13c8d7e84fa92c76db532db0a6fed13b3b42313a75e10b8f69e252f76a91d	b567298df044cecdac3cf921d7cb971e4665db7b5407fb634647a910e3abbdb7	200	200	qwen3.6-27b
21	2026-08-29T17:44:13Z	1	a0c13c8d7e84fa92c76db532db0a6fed13b3b42313a75e10b8f69e252f76a91d	b567298df044cecdac3cf921d7cb971e4665db7b5407fb634647a910e3abbdb7	200	200	qwen3.6-27b
22	2026-08-29T17:44:14Z	1	a0c13c8d7e84fa92c76db532db0a6fed13b3b42313a75e10b8f69e252f76a91d	b567298df044cecdac3cf921d7cb971e4665db7b5407fb634647a910e3abbdb7	200	200	qwen3.6-27b
23	2026-08-29T17:44:15Z	1	a0c13c8d7e84fa92c76db532db0a6fed13b3b42313a75e10b8f69e252f76a91d	b567298df044cecdac3cf921d7cb971e4665db7b5407fb634647a910e3abbdb7	200	200	qwen3.6-27b
24	2026-08-29T17:44:17Z	1	a0c13c8d7e84fa92c76db532db0a6fed13b3b42313a75e10b8f69e252f76a91d	b567298df044cecdac3cf921d7cb971e4665db7b5407fb634647a910e3abbdb7	200	200	qwen3.6-27b
25	2026-08-29T17:44:18Z	1	a0c13c8d7e84fa92c76db532db0a6fed13b3b42313a75e10b8f69e252f76a91d	b567298df044cecdac3cf921d7cb971e4665db7b5407fb634647a910e3abbdb7	200	200	qwen3.6-27b
26	2026-08-29T17:44:19Z	1	a0c13c8d7e84fa92c76db532db0a6fed13b3b42313a75e10b8f69e252f76a91d	b567298df044cecdac3cf921d7cb971e4665db7b5407fb634647a910e3abbdb7	200	200	qwen3.6-27b
27	2026-08-29T17:44:21Z	1	a0c13c8d7e84fa92c76db532db0a6fed13b3b42313a75e10b8f69e252f76a91d	b567298df044cecdac3cf921d7cb971e4665db7b5407fb634647a910e3abbdb7	200	200	qwen3.6-27b
28	2026-08-29T17:44:22Z	1	a0c13c8d7e84fa92c76db532db0a6fed13b3b42313a75e10b8f69e252f76a91d	b567298df044cecdac3cf921d7cb971e4665db7b5407fb634647a910e3abbdb7	200	200	qwen3.6-27b
29	2026-08-29T17:44:23Z	1	a0c13c8d7e84fa92c76db532db0a6fed13b3b42313a75e10b8f69e252f76a91d	b567298df044cecdac3cf921d7cb971e4665db7b5407fb634647a910e3abbdb7	200	200	qwen3.6-27b
30	2026-08-29T17:44:25Z	1	a0c13c8d7e84fa92c76db532db0a6fed13b3b42313a75e10b8f69e252f76a91d	b567298df044cecdac3cf921d7cb971e4665db7b5407fb634647a910e3abbdb7	200	200	qwen3.6-27b
31	2026-08-29T17:44:26Z	1	a0c13c8d7e84fa92c76db532db0a6fed13b3b42313a75e10b8f69e252f76a91d	b567298df044cecdac3cf921d7cb971e4665db7b5407fb634647a910e3abbdb7	200	200	qwen3.6-27b
32	2026-08-29T17:44:27Z	1	a0c13c8d7e84fa92c76db532db0a6fed13b3b42313a75e10b8f69e252f76a91d	b567298df044cecdac3cf921d7cb971e4665db7b5407fb634647a910e3abbdb7	200	200	qwen3.6-27b
33	2026-08-29T17:44:29Z	1	a0c13c8d7e84fa92c76db532db0a6fed13b3b42313a75e10b8f69e252f76a91d	b567298df044cecdac3cf921d7cb971e4665db7b5407fb634647a910e3abbdb7	200	200	qwen3.6-27b
34	2026-08-29T17:44:30Z	1	a0c13c8d7e84fa92c76db532db0a6fed13b3b42313a75e10b8f69e252f76a91d	b567298df044cecdac3cf921d7cb971e4665db7b5407fb634647a910e3abbdb7	200	200	qwen3.6-27b
35	2026-08-29T17:44:31Z	1	a0c13c8d7e84fa92c76db532db0a6fed13b3b42313a75e10b8f69e252f76a91d	b567298df044cecdac3cf921d7cb971e4665db7b5407fb634647a910e3abbdb7	200	200	qwen3.6-27b
36	2026-08-29T17:44:32Z	1	a0c13c8d7e84fa92c76db532db0a6fed13b3b42313a75e10b8f69e252f76a91d	b567298df044cecdac3cf921d7cb971e4665db7b5407fb634647a910e3abbdb7	200	200	qwen3.6-27b
37	2026-08-29T17:44:34Z	1	a0c13c8d7e84fa92c76db532db0a6fed13b3b42313a75e10b8f69e252f76a91d	b567298df044cecdac3cf921d7cb971e4665db7b5407fb634647a910e3abbdb7	200	200	qwen3.6-27b
38	2026-08-29T17:44:35Z	1	a0c13c8d7e84fa92c76db532db0a6fed13b3b42313a75e10b8f69e252f76a91d	b567298df044cecdac3cf921d7cb971e4665db7b5407fb634647a910e3abbdb7	200	200	qwen3.6-27b
39	2026-08-29T17:44:36Z	1	a0c13c8d7e84fa92c76db532db0a6fed13b3b42313a75e10b8f69e252f76a91d	b567298df044cecdac3cf921d7cb971e4665db7b5407fb634647a910e3abbdb7	200	200	qwen3.6-27b
40	2026-08-29T17:44:37Z	1	a0c13c8d7e84fa92c76db532db0a6fed13b3b42313a75e10b8f69e252f76a91d	b567298df044cecdac3cf921d7cb971e4665db7b5407fb634647a910e3abbdb7	200	200	qwen3.6-27b
41	2026-08-29T17:44:38Z	1	a0c13c8d7e84fa92c76db532db0a6fed13b3b42313a75e10b8f69e252f76a91d	b567298df044cecdac3cf921d7cb971e4665db7b5407fb634647a910e3abbdb7	200	200	qwen3.6-27b
42	2026-08-29T17:44:40Z	1	a0c13c8d7e84fa92c76db532db0a6fed13b3b42313a75e10b8f69e252f76a91d	b567298df044cecdac3cf921d7cb971e4665db7b5407fb634647a910e3abbdb7	200	200	qwen3.6-27b
43	2026-08-29T17:44:41Z	1	a0c13c8d7e84fa92c76db532db0a6fed13b3b42313a75e10b8f69e252f76a91d	b567298df044cecdac3cf921d7cb971e4665db7b5407fb634647a910e3abbdb7	200	200	qwen3.6-27b
44	2026-08-29T17:44:42Z	1	a0c13c8d7e84fa92c76db532db0a6fed13b3b42313a75e10b8f69e252f76a91d	b567298df044cecdac3cf921d7cb971e4665db7b5407fb634647a910e3abbdb7	200	200	qwen3.6-27b
45	2026-08-29T17:44:43Z	1	a0c13c8d7e84fa92c76db532db0a6fed13b3b42313a75e10b8f69e252f76a91d	b567298df044cecdac3cf921d7cb971e4665db7b5407fb634647a910e3abbdb7	200	200	qwen3.6-27b
46	2026-08-29T17:44:44Z	1	a0c13c8d7e84fa92c76db532db0a6fed13b3b42313a75e10b8f69e252f76a91d	b567298df044cecdac3cf921d7cb971e4665db7b5407fb634647a910e3abbdb7	200	200	qwen3.6-27b
47	2026-08-29T17:44:45Z	1	a0c13c8d7e84fa92c76db532db0a6fed13b3b42313a75e10b8f69e252f76a91d	b567298df044cecdac3cf921d7cb971e4665db7b5407fb634647a910e3abbdb7	200	200	qwen3.6-27b
48	2026-08-29T17:44:47Z	1	a0c13c8d7e84fa92c76db532db0a6fed13b3b42313a75e10b8f69e252f76a91d	b567298df044cecdac3cf921d7cb971e4665db7b5407fb634647a910e3abbdb7	200	200	qwen3.6-27b
49	2026-08-29T17:44:48Z	1	a0c13c8d7e84fa92c76db532db0a6fed13b3b42313a75e10b8f69e252f76a91d	b567298df044cecdac3cf921d7cb971e4665db7b5407fb634647a910e3abbdb7	200	200	qwen3.6-27b
50	2026-08-29T17:44:49Z	1	a0c13c8d7e84fa92c76db532db0a6fed13b3b42313a75e10b8f69e252f76a91d	b567298df044cecdac3cf921d7cb971e4665db7b5407fb634647a910e3abbdb7	200	200	qwen3.6-27b
51	2026-08-29T17:44:50Z	1	a0c13c8d7e84fa92c76db532db0a6fed13b3b42313a75e10b8f69e252f76a91d	b567298df044cecdac3cf921d7cb971e4665db7b5407fb634647a910e3abbdb7	200	200	qwen3.6-27b
52	2026-08-29T17:44:52Z	1	a0c13c8d7e84fa92c76db532db0a6fed13b3b42313a75e10b8f69e252f76a91d	b567298df044cecdac3cf921d7cb971e4665db7b5407fb634647a910e3abbdb7	200	200	qwen3.6-27b
53	2026-08-29T17:44:53Z	1	a0c13c8d7e84fa92c76db532db0a6fed13b3b42313a75e10b8f69e252f76a91d	b567298df044cecdac3cf921d7cb971e4665db7b5407fb634647a910e3abbdb7	200	200	qwen3.6-27b
54	2026-08-29T17:44:54Z	1	a0c13c8d7e84fa92c76db532db0a6fed13b3b42313a75e10b8f69e252f76a91d	b567298df044cecdac3cf921d7cb971e4665db7b5407fb634647a910e3abbdb7	200	200	qwen3.6-27b
55	2026-08-29T17:44:55Z	1	a0c13c8d7e84fa92c76db532db0a6fed13b3b42313a75e10b8f69e252f76a91d	b567298df044cecdac3cf921d7cb971e4665db7b5407fb634647a910e3abbdb7	200	200	qwen3.6-27b
56	2026-08-29T17:44:57Z	1	a0c13c8d7e84fa92c76db532db0a6fed13b3b42313a75e10b8f69e252f76a91d	b567298df044cecdac3cf921d7cb971e4665db7b5407fb634647a910e3abbdb7	200	200	qwen3.6-27b
57	2026-08-29T17:44:58Z	1	a0c13c8d7e84fa92c76db532db0a6fed13b3b42313a75e10b8f69e252f76a91d	b567298df044cecdac3cf921d7cb971e4665db7b5407fb634647a910e3abbdb7	200	200	qwen3.6-27b
58	2026-08-29T17:44:59Z	1	a0c13c8d7e84fa92c76db532db0a6fed13b3b42313a75e10b8f69e252f76a91d	b567298df044cecdac3cf921d7cb971e4665db7b5407fb634647a910e3abbdb7	200	200	qwen3.6-27b
59	2026-08-29T17:45:00Z	1	a0c13c8d7e84fa92c76db532db0a6fed13b3b42313a75e10b8f69e252f76a91d	b567298df044cecdac3cf921d7cb971e4665db7b5407fb634647a910e3abbdb7	200	200	qwen3.6-27b
60	2026-08-29T17:45:02Z	1	a0c13c8d7e84fa92c76db532db0a6fed13b3b42313a75e10b8f69e252f76a91d	b567298df044cecdac3cf921d7cb971e4665db7b5407fb634647a910e3abbdb7	200	200	qwen3.6-27b
61	2026-08-29T17:45:03Z	1	a0c13c8d7e84fa92c76db532db0a6fed13b3b42313a75e10b8f69e252f76a91d	b567298df044cecdac3cf921d7cb971e4665db7b5407fb634647a910e3abbdb7	200	200	qwen3.6-27b
62	2026-08-29T17:45:04Z	1	a0c13c8d7e84fa92c76db532db0a6fed13b3b42313a75e10b8f69e252f76a91d	b567298df044cecdac3cf921d7cb971e4665db7b5407fb634647a910e3abbdb7	200	200	qwen3.6-27b
63	2026-08-29T17:45:05Z	1	a0c13c8d7e84fa92c76db532db0a6fed13b3b42313a75e10b8f69e252f76a91d	b567298df044cecdac3cf921d7cb971e4665db7b5407fb634647a910e3abbdb7	200	200	qwen3.6-27b
64	2026-08-29T17:45:06Z	1	a0c13c8d7e84fa92c76db532db0a6fed13b3b42313a75e10b8f69e252f76a91d	b567298df044cecdac3cf921d7cb971e4665db7b5407fb634647a910e3abbdb7	200	200	qwen3.6-27b
65	2026-08-29T17:45:08Z	1	a0c13c8d7e84fa92c76db532db0a6fed13b3b42313a75e10b8f69e252f76a91d	b567298df044cecdac3cf921d7cb971e4665db7b5407fb634647a910e3abbdb7	200	200	qwen3.6-27b
66	2026-08-29T17:45:09Z	1	a0c13c8d7e84fa92c76db532db0a6fed13b3b42313a75e10b8f69e252f76a91d	b567298df044cecdac3cf921d7cb971e4665db7b5407fb634647a910e3abbdb7	200	200	qwen3.6-27b
67	2026-08-29T17:45:10Z	1	a0c13c8d7e84fa92c76db532db0a6fed13b3b42313a75e10b8f69e252f76a91d	b567298df044cecdac3cf921d7cb971e4665db7b5407fb634647a910e3abbdb7	200	200	qwen3.6-27b
68	2026-08-29T17:45:11Z	1	a0c13c8d7e84fa92c76db532db0a6fed13b3b42313a75e10b8f69e252f76a91d	b567298df044cecdac3cf921d7cb971e4665db7b5407fb634647a910e3abbdb7	200	200	qwen3.6-27b
69	2026-08-29T17:45:12Z	1	a0c13c8d7e84fa92c76db532db0a6fed13b3b42313a75e10b8f69e252f76a91d	b567298df044cecdac3cf921d7cb971e4665db7b5407fb634647a910e3abbdb7	200	200	qwen3.6-27b
70	2026-08-29T17:45:13Z	1	a0c13c8d7e84fa92c76db532db0a6fed13b3b42313a75e10b8f69e252f76a91d	b567298df044cecdac3cf921d7cb971e4665db7b5407fb634647a910e3abbdb7	200	200	qwen3.6-27b
71	2026-08-29T17:45:15Z	1	a0c13c8d7e84fa92c76db532db0a6fed13b3b42313a75e10b8f69e252f76a91d	b567298df044cecdac3cf921d7cb971e4665db7b5407fb634647a910e3abbdb7	200	200	qwen3.6-27b
72	2026-08-29T17:45:16Z	1	a0c13c8d7e84fa92c76db532db0a6fed13b3b42313a75e10b8f69e252f76a91d	b567298df044cecdac3cf921d7cb971e4665db7b5407fb634647a910e3abbdb7	200	200	qwen3.6-27b
73	2026-08-29T17:45:17Z	1	a0c13c8d7e84fa92c76db532db0a6fed13b3b42313a75e10b8f69e252f76a91d	b567298df044cecdac3cf921d7cb971e4665db7b5407fb634647a910e3abbdb7	200	200	qwen3.6-27b
74	2026-08-29T17:45:18Z	1	a0c13c8d7e84fa92c76db532db0a6fed13b3b42313a75e10b8f69e252f76a91d	b567298df044cecdac3cf921d7cb971e4665db7b5407fb634647a910e3abbdb7	200	200	qwen3.6-27b
75	2026-08-29T17:45:19Z	1	a0c13c8d7e84fa92c76db532db0a6fed13b3b42313a75e10b8f69e252f76a91d	b567298df044cecdac3cf921d7cb971e4665db7b5407fb634647a910e3abbdb7	200	200	qwen3.6-27b
76	2026-08-29T17:45:20Z	1	a0c13c8d7e84fa92c76db532db0a6fed13b3b42313a75e10b8f69e252f76a91d	b567298df044cecdac3cf921d7cb971e4665db7b5407fb634647a910e3abbdb7	200	200	qwen3.6-27b
77	2026-08-29T17:45:22Z	1	a0c13c8d7e84fa92c76db532db0a6fed13b3b42313a75e10b8f69e252f76a91d	b567298df044cecdac3cf921d7cb971e4665db7b5407fb634647a910e3abbdb7	200	200	qwen3.6-27b
78	2026-08-29T17:45:23Z	1	a0c13c8d7e84fa92c76db532db0a6fed13b3b42313a75e10b8f69e252f76a91d	b567298df044cecdac3cf921d7cb971e4665db7b5407fb634647a910e3abbdb7	200	200	qwen3.6-27b
79	2026-08-29T17:45:24Z	1	a0c13c8d7e84fa92c76db532db0a6fed13b3b42313a75e10b8f69e252f76a91d	b567298df044cecdac3cf921d7cb971e4665db7b5407fb634647a910e3abbdb7	200	200	qwen3.6-27b
80	2026-08-29T17:45:25Z	1	a0c13c8d7e84fa92c76db532db0a6fed13b3b42313a75e10b8f69e252f76a91d	b567298df044cecdac3cf921d7cb971e4665db7b5407fb634647a910e3abbdb7	200	200	qwen3.6-27b
81	2026-08-29T17:45:26Z	1	a0c13c8d7e84fa92c76db532db0a6fed13b3b42313a75e10b8f69e252f76a91d	b567298df044cecdac3cf921d7cb971e4665db7b5407fb634647a910e3abbdb7	200	200	qwen3.6-27b
82	2026-08-29T17:45:27Z	1	a0c13c8d7e84fa92c76db532db0a6fed13b3b42313a75e10b8f69e252f76a91d	b567298df044cecdac3cf921d7cb971e4665db7b5407fb634647a910e3abbdb7	200	200	qwen3.6-27b
83	2026-08-29T17:45:29Z	1	a0c13c8d7e84fa92c76db532db0a6fed13b3b42313a75e10b8f69e252f76a91d	b567298df044cecdac3cf921d7cb971e4665db7b5407fb634647a910e3abbdb7	200	200	qwen3.6-27b
84	2026-08-29T17:45:30Z	1	a0c13c8d7e84fa92c76db532db0a6fed13b3b42313a75e10b8f69e252f76a91d	b567298df044cecdac3cf921d7cb971e4665db7b5407fb634647a910e3abbdb7	200	200	qwen3.6-27b
85	2026-08-29T17:45:31Z	1	a0c13c8d7e84fa92c76db532db0a6fed13b3b42313a75e10b8f69e252f76a91d	b567298df044cecdac3cf921d7cb971e4665db7b5407fb634647a910e3abbdb7	200	200	qwen3.6-27b
86	2026-08-29T17:45:32Z	1	a0c13c8d7e84fa92c76db532db0a6fed13b3b42313a75e10b8f69e252f76a91d	b567298df044cecdac3cf921d7cb971e4665db7b5407fb634647a910e3abbdb7	200	200	qwen3.6-27b
87	2026-08-29T17:45:33Z	1	a0c13c8d7e84fa92c76db532db0a6fed13b3b42313a75e10b8f69e252f76a91d	b567298df044cecdac3cf921d7cb971e4665db7b5407fb634647a910e3abbdb7	200	200	qwen3.6-27b
88	2026-08-29T17:45:34Z	1	a0c13c8d7e84fa92c76db532db0a6fed13b3b42313a75e10b8f69e252f76a91d	b567298df044cecdac3cf921d7cb971e4665db7b5407fb634647a910e3abbdb7	200	200	qwen3.6-27b
89	2026-08-29T17:45:35Z	1	a0c13c8d7e84fa92c76db532db0a6fed13b3b42313a75e10b8f69e252f76a91d	b567298df044cecdac3cf921d7cb971e4665db7b5407fb634647a910e3abbdb7	200	200	qwen3.6-27b
90	2026-08-29T17:45:36Z	1	a0c13c8d7e84fa92c76db532db0a6fed13b3b42313a75e10b8f69e252f76a91d	b567298df044cecdac3cf921d7cb971e4665db7b5407fb634647a910e3abbdb7	200	200	qwen3.6-27b
