timestamp_utc	pid	owner_sha256	health	models
2026-08-26T14:53:20Z	39039	a0c13c8d7e84fa92c76db532db0a6fed13b3b42313a75e10b8f69e252f76a91d	200	200
2026-08-26T14:53:25Z	39039	a0c13c8d7e84fa92c76db532db0a6fed13b3b42313a75e10b8f69e252f76a91d	200	200
2026-08-26T14:53:30Z	39039	a0c13c8d7e84fa92c76db532db0a6fed13b3b42313a75e10b8f69e252f76a91d	200	200
2026-08-26T14:53:35Z	39039	a0c13c8d7e84fa92c76db532db0a6fed13b3b42313a75e10b8f69e252f76a91d	200	200
2026-08-26T14:53:40Z	39039	a0c13c8d7e84fa92c76db532db0a6fed13b3b42313a75e10b8f69e252f76a91d	200	200
2026-08-26T14:53:45Z	39039	a0c13c8d7e84fa92c76db532db0a6fed13b3b42313a75e10b8f69e252f76a91d	200	200
2026-08-26T14:53:50Z	39039	a0c13c8d7e84fa92c76db532db0a6fed13b3b42313a75e10b8f69e252f76a91d	200	200
2026-08-26T14:53:55Z	39039	a0c13c8d7e84fa92c76db532db0a6fed13b3b42313a75e10b8f69e252f76a91d	200	200
2026-08-26T14:54:00Z	39039	a0c13c8d7e84fa92c76db532db0a6fed13b3b42313a75e10b8f69e252f76a91d	200	200
2026-08-26T14:54:05Z	39039	a0c13c8d7e84fa92c76db532db0a6fed13b3b42313a75e10b8f69e252f76a91d	200	200
2026-08-26T14:54:10Z	39039	a0c13c8d7e84fa92c76db532db0a6fed13b3b42313a75e10b8f69e252f76a91d	200	200
2026-08-26T14:54:15Z	39039	a0c13c8d7e84fa92c76db532db0a6fed13b3b42313a75e10b8f69e252f76a91d	200	200
2026-08-26T14:54:20Z	39039	a0c13c8d7e84fa92c76db532db0a6fed13b3b42313a75e10b8f69e252f76a91d	200	200
2026-08-26T14:54:25Z	39039	a0c13c8d7e84fa92c76db532db0a6fed13b3b42313a75e10b8f69e252f76a91d	200	200
2026-08-26T14:54:30Z	39039	a0c13c8d7e84fa92c76db532db0a6fed13b3b42313a75e10b8f69e252f76a91d	200	200
2026-08-26T14:54:36Z	39039	a0c13c8d7e84fa92c76db532db0a6fed13b3b42313a75e10b8f69e252f76a91d	200	200
2026-08-26T14:54:41Z	39039	a0c13c8d7e84fa92c76db532db0a6fed13b3b42313a75e10b8f69e252f76a91d	200	200
2026-08-26T14:54:46Z	39039	a0c13c8d7e84fa92c76db532db0a6fed13b3b42313a75e10b8f69e252f76a91d	200	200
2026-08-26T14:54:51Z	39039	a0c13c8d7e84fa92c76db532db0a6fed13b3b42313a75e10b8f69e252f76a91d	200	200
