2026-08-26T13:27:37Z	0	load	40152	38160	23068672	93	11417	3040083968
2026-08-26T13:27:38Z	1	load	40152	103920	74448896	93	11414	3040083968
2026-08-26T13:27:40Z	2	load	40152	12701520	12884901888	93	11443	3040083968
2026-08-26T13:27:41Z	3	load	40152	16680784	19327352832	89	86964	3031695360
2026-08-26T13:27:42Z	4	load	40152	17267520	23622320128	84	218929	3031695360
2026-08-26T13:27:43Z	5	load	40152	15085616	25769803776	75	411373	3031695360
2026-08-26T13:27:45Z	6	load	40152	14855168	25769803776	74	442069	3031695360
2026-08-26T13:27:46Z	7	load	40152	14584928	25769803776	72	477458	3031695360
2026-08-26T13:27:47Z	8	load	40152	14268528	25769803776	71	516183	3031695360
2026-08-26T13:27:48Z	9	load	40152	15067152	25769803776	72	481715	3031695360
2026-08-26T13:27:50Z	10	load	40152	15232608	27917287424	65	646737	3031695360
2026-08-26T13:27:52Z	11	load	40152	14308992	27917287424	63	700099	3031695360
2026-08-26T13:27:53Z	12	load	40152	12909936	28991029248	58	805026	3031695360
2026-08-26T13:27:53Z	13	request	40152	12450976	28991029248	54	843482	3031695360
2026-08-26T13:27:54Z	14	request	40152	9230464	30064771072	46	993693	3031695360
2026-08-26T13:27:55Z	15	request	40152	9138480	33285996544	31	1077558	3037200384
2026-08-26T13:27:57Z	16	request	40152	7158080	33285996544	34	1207656	4189585408
2026-08-26T13:27:58Z	17	request	40152	7310352	34359738368	34	1175342	4768797819
2026-08-26T13:27:59Z	18	request	40152	7457952	34359738368	34	1173609	5206966272
2026-08-26T13:28:00Z	19	request	40152	7517696	34359738368	37	936354	5724700672
2026-08-26T13:28:01Z	20	request	40152	7530784	34359738368	51	429188	5707923456
2026-08-26T13:28:03Z	21	request	40152	7608976	34359738368	27	407175	5707923456
2026-08-26T13:28:04Z	22	request	40152	7727712	34359738368	27	402664	5691146240
2026-08-26T13:28:05Z	23	request	40152	7882736	34359738368	27	397144	5649203200
2026-08-26T13:28:06Z	24	request	40152	7807232	35433480192	71	447399	5363990528
2026-08-26T13:28:09Z	25	request	40152	5530832	35433480192	37	1281685	5684728955
2026-08-26T13:28:10Z	26	request	40152	5523872	35433480192	36	1270569	5767430144
2026-08-26T13:28:12Z	27	request	40152	5728144	35433480192	38	1241230	5759041536
2026-08-26T13:28:13Z	28	request	40152	5293248	35433480192	37	1268174	5831330365
2026-08-26T13:28:14Z	29	request	40152	5498768	35433480192	38	1236736	5831330365
2026-08-26T13:28:15Z	30	request	40152	5704160	35433480192	39	1205574	5822941757
2026-08-26T13:28:16Z	31	request	40152	5478768	35433480192	36	1263877	5840505405
2026-08-26T13:28:17Z	32	request	40152	5789520	35433480192	38	1230367	5823728189
2026-08-26T13:28:19Z	33	request	40152	6196720	35433480192	36	1259445	5893919867
2026-08-26T13:28:20Z	34	request	40152	6409440	35433480192	36	1272056	5966271611
2026-08-26T13:28:21Z	35	request	40152	6817920	35433480192	37	1245052	6105983877
2026-08-26T13:28:22Z	36	request	40152	6874048	35433480192	36	1267131	6179845571
2026-08-26T13:28:23Z	37	request	40152	7093312	35433480192	38	1233552	6197209989
2026-08-26T13:28:24Z	38	request	40152	7266672	35433480192	38	1228242	6197209989
2026-08-26T13:28:26Z	39	request	40152	7186032	35433480192	37	1257461	6197209989
2026-08-26T13:28:27Z	40	request	40152	7582656	35433480192	38	1223570	6230114304
2026-08-26T13:28:28Z	41	request	40152	7632240	35433480192	38	1236861	6221725696
2026-08-26T13:28:29Z	42	request	40152	7521616	36507222016	36	1259018	6419445187
2026-08-26T13:28:30Z	43	request	40152	7214720	36507222016	36	1269114	6893537853
2026-08-26T13:28:31Z	44	request	40152	7419248	36507222016	37	1260330	7234849341
2026-08-26T13:28:33Z	45	request	40152	7040992	36507222016	36	1261974	7539261440
2026-08-26T13:28:34Z	46	request	40152	7273120	37580963840	37	1251349	7831877059
2026-08-26T13:28:35Z	47	request	40152	7044560	37580963840	36	1262570	8278570435
2026-08-26T13:28:36Z	48	request	40152	7133920	37580963840	37	1259321	8566865920
2026-08-26T13:28:37Z	49	request	40152	7224864	38654705664	36	1263827	9034268672
2026-08-26T13:28:39Z	50	request	40152	7271184	38654705664	37	1258474	9170719867
2026-08-26T13:28:40Z	51	request	40152	7138400	38654705664	36	1276582	9410770371
2026-08-26T13:28:41Z	52	request	40152	7213888	38654705664	36	1274402	9615116861
2026-08-26T13:28:42Z	53	request	40152	7140720	39728447488	36	1279547	9749334589
2026-08-26T13:28:43Z	54	request	40152	7079840	39728447488	37	1276686	9969923523
2026-08-26T13:28:44Z	55	request	40152	7112208	39728447488	36	1276953	10219096637
2026-08-26T13:28:46Z	56	request	40152	7162528	39728447488	36	1278286	10397354557
2026-08-26T13:28:47Z	57	request	40152	7125840	39728447488	36	1280711	10682693059
2026-08-26T13:28:48Z	58	request	40152	7130768	39728447488	36	1278752	10960890757
2026-08-26T13:28:49Z	59	request	40152	6872592	39728447488	36	1280134	11501368771
2026-08-26T13:28:50Z	60	request	40152	6613760	40802189312	36	1279220	12153394299
2026-08-26T13:28:52Z	61	request	40152	6484688	40802189312	36	1281607	12434213437
2026-08-26T13:28:53Z	62	request	40152	6688784	40802189312	36	1280898	12165777981
2026-08-26T13:28:54Z	63	request	40152	6918416	40802189312	37	1272680	11984500163
2026-08-26T13:28:55Z	64	request	40152	6951536	40802189312	37	1273715	12127305728
2026-08-26T13:28:56Z	65	request	40152	6777664	40802189312	36	1280893	12463573565
2026-08-26T13:28:58Z	66	request	40152	6705952	40802189312	36	1277768	12597529149
2026-08-26T13:28:59Z	67	request	40152	6386032	41875931136	36	1272971	13208188355
2026-08-26T13:29:00Z	68	request	40152	6267088	41875931136	36	1272464	13593865093
2026-08-26T13:29:01Z	69	request	40152	6301552	41875931136	37	1267365	13730316288
2026-08-26T13:29:03Z	70	request	40152	6379008	41875931136	36	1268306	13816037376
2026-08-26T13:29:04Z	71	request	40152	6490832	41875931136	36	1266800	13859354051
2026-08-26T13:29:05Z	72	request	40152	6572224	41875931136	36	1266329	13655867392
2026-08-26T13:29:06Z	73	request	40152	6452240	41875931136	36	1272196	13800833024
2026-08-26T13:29:07Z	74	request	40152	6470528	42949672960	36	1267200	14053739069
2026-08-26T13:29:08Z	75	request	40152	6389312	42949672960	36	1268863	14283576443
2026-08-26T13:29:10Z	76	request	40152	6406640	42949672960	36	1267452	14391380541
2026-08-26T13:29:11Z	77	request	40152	6398576	42949672960	36	1264400	14578551357
2026-08-26T13:29:12Z	78	request	40152	6401248	42949672960	36	1275831	14700249088
2026-08-26T13:29:13Z	79	request	40152	6516320	42949672960	36	1268641	14907405763
2026-08-26T13:29:14Z	80	request	40152	6547584	42949672960	36	1270874	15051522048
2026-08-26T13:29:16Z	81	request	40152	6563088	42949672960	36	1267324	15259003781
2026-08-26T13:29:17Z	82	request	40152	6560704	44023414784	36	1270109	15505230397
2026-08-26T13:29:18Z	83	request	40152	6583584	44023414784	36	1271774	15616379453
2026-08-26T13:29:19Z	84	request	40152	6722592	44023414784	36	1268888	15795874693
2026-08-26T13:29:20Z	85	request	40152	6726160	44023414784	36	1271589	15856241213
2026-08-26T13:29:21Z	86	request	40152	6759408	44023414784	37	1266883	15951263171
2026-08-26T13:29:23Z	87	request	40152	6843424	44023414784	36	1266694	16200562115
2026-08-26T13:29:24Z	88	request	40152	6635392	44023414784	36	1271690	16327576125
