2026-08-26T13:29:32Z			000	000	0
2026-08-26T13:29:33Z	45598	a0c13c8d7e84fa92c76db532db0a6fed13b3b42313a75e10b8f69e252f76a91d	503	503	0
2026-08-26T13:29:35Z	45598	a0c13c8d7e84fa92c76db532db0a6fed13b3b42313a75e10b8f69e252f76a91d	503	503	0
2026-08-26T13:29:36Z	45598	a0c13c8d7e84fa92c76db532db0a6fed13b3b42313a75e10b8f69e252f76a91d	503	503	0
2026-08-26T13:29:37Z	45598	a0c13c8d7e84fa92c76db532db0a6fed13b3b42313a75e10b8f69e252f76a91d	503	503	0
2026-08-26T13:29:38Z	45598	a0c13c8d7e84fa92c76db532db0a6fed13b3b42313a75e10b8f69e252f76a91d	503	503	0
2026-08-26T13:29:39Z	45598	a0c13c8d7e84fa92c76db532db0a6fed13b3b42313a75e10b8f69e252f76a91d	503	503	0
2026-08-26T13:29:40Z	45598	a0c13c8d7e84fa92c76db532db0a6fed13b3b42313a75e10b8f69e252f76a91d	503	503	0
2026-08-26T13:29:41Z	45598	a0c13c8d7e84fa92c76db532db0a6fed13b3b42313a75e10b8f69e252f76a91d	503	503	0
2026-08-26T13:29:42Z	45598	a0c13c8d7e84fa92c76db532db0a6fed13b3b42313a75e10b8f69e252f76a91d	503	503	0
2026-08-26T13:29:43Z	45598	a0c13c8d7e84fa92c76db532db0a6fed13b3b42313a75e10b8f69e252f76a91d	503	503	0
2026-08-26T13:29:44Z	45598	a0c13c8d7e84fa92c76db532db0a6fed13b3b42313a75e10b8f69e252f76a91d	503	503	0
2026-08-26T13:29:46Z	45598	a0c13c8d7e84fa92c76db532db0a6fed13b3b42313a75e10b8f69e252f76a91d	503	503	0
2026-08-26T13:29:47Z	45598	a0c13c8d7e84fa92c76db532db0a6fed13b3b42313a75e10b8f69e252f76a91d	503	503	0
2026-08-26T13:29:48Z	45598	a0c13c8d7e84fa92c76db532db0a6fed13b3b42313a75e10b8f69e252f76a91d	200	200	1
2026-08-26T13:29:49Z	45598	a0c13c8d7e84fa92c76db532db0a6fed13b3b42313a75e10b8f69e252f76a91d	200	200	1
2026-08-26T13:29:50Z	45598	a0c13c8d7e84fa92c76db532db0a6fed13b3b42313a75e10b8f69e252f76a91d	200	200	1
2026-08-26T13:29:51Z	45598	a0c13c8d7e84fa92c76db532db0a6fed13b3b42313a75e10b8f69e252f76a91d	200	200	1
2026-08-26T13:29:52Z	45598	a0c13c8d7e84fa92c76db532db0a6fed13b3b42313a75e10b8f69e252f76a91d	200	200	1
2026-08-26T13:29:53Z	45598	a0c13c8d7e84fa92c76db532db0a6fed13b3b42313a75e10b8f69e252f76a91d	200	200	1
2026-08-26T13:29:54Z	45598	a0c13c8d7e84fa92c76db532db0a6fed13b3b42313a75e10b8f69e252f76a91d	200	200	1
2026-08-26T13:29:55Z	45598	a0c13c8d7e84fa92c76db532db0a6fed13b3b42313a75e10b8f69e252f76a91d	200	200	1
2026-08-26T13:29:56Z	45598	a0c13c8d7e84fa92c76db532db0a6fed13b3b42313a75e10b8f69e252f76a91d	200	200	1
2026-08-26T13:29:58Z	45598	a0c13c8d7e84fa92c76db532db0a6fed13b3b42313a75e10b8f69e252f76a91d	200	200	1
2026-08-26T13:29:59Z	45598	a0c13c8d7e84fa92c76db532db0a6fed13b3b42313a75e10b8f69e252f76a91d	200	200	1
2026-08-26T13:30:00Z	45598	a0c13c8d7e84fa92c76db532db0a6fed13b3b42313a75e10b8f69e252f76a91d	200	200	1
2026-08-26T13:30:01Z	45598	a0c13c8d7e84fa92c76db532db0a6fed13b3b42313a75e10b8f69e252f76a91d	200	200	1
2026-08-26T13:30:02Z	45598	a0c13c8d7e84fa92c76db532db0a6fed13b3b42313a75e10b8f69e252f76a91d	200	200	1
2026-08-26T13:30:03Z	45598	a0c13c8d7e84fa92c76db532db0a6fed13b3b42313a75e10b8f69e252f76a91d	200	200	1
2026-08-26T13:30:04Z	45598	a0c13c8d7e84fa92c76db532db0a6fed13b3b42313a75e10b8f69e252f76a91d	200	200	1
2026-08-26T13:30:05Z	45598	a0c13c8d7e84fa92c76db532db0a6fed13b3b42313a75e10b8f69e252f76a91d	200	200	1
2026-08-26T13:30:06Z	45598	a0c13c8d7e84fa92c76db532db0a6fed13b3b42313a75e10b8f69e252f76a91d	200	200	1
2026-08-26T13:30:07Z	45598	a0c13c8d7e84fa92c76db532db0a6fed13b3b42313a75e10b8f69e252f76a91d	200	200	1
2026-08-26T13:30:09Z	45598	a0c13c8d7e84fa92c76db532db0a6fed13b3b42313a75e10b8f69e252f76a91d	200	200	1
2026-08-26T13:30:10Z	45598	a0c13c8d7e84fa92c76db532db0a6fed13b3b42313a75e10b8f69e252f76a91d	200	200	1
2026-08-26T13:30:11Z	45598	a0c13c8d7e84fa92c76db532db0a6fed13b3b42313a75e10b8f69e252f76a91d	200	200	1
2026-08-26T13:30:12Z	45598	a0c13c8d7e84fa92c76db532db0a6fed13b3b42313a75e10b8f69e252f76a91d	200	200	1
2026-08-26T13:30:13Z	45598	a0c13c8d7e84fa92c76db532db0a6fed13b3b42313a75e10b8f69e252f76a91d	200	200	1
2026-08-26T13:30:14Z	45598	a0c13c8d7e84fa92c76db532db0a6fed13b3b42313a75e10b8f69e252f76a91d	200	200	1
2026-08-26T13:30:15Z	45598	a0c13c8d7e84fa92c76db532db0a6fed13b3b42313a75e10b8f69e252f76a91d	200	200	1
2026-08-26T13:30:16Z	45598	a0c13c8d7e84fa92c76db532db0a6fed13b3b42313a75e10b8f69e252f76a91d	200	200	1
2026-08-26T13:30:17Z	45598	a0c13c8d7e84fa92c76db532db0a6fed13b3b42313a75e10b8f69e252f76a91d	200	200	1
2026-08-26T13:30:18Z	45598	a0c13c8d7e84fa92c76db532db0a6fed13b3b42313a75e10b8f69e252f76a91d	200	200	1
2026-08-26T13:30:20Z	45598	a0c13c8d7e84fa92c76db532db0a6fed13b3b42313a75e10b8f69e252f76a91d	200	200	1
2026-08-26T13:30:21Z	45598	a0c13c8d7e84fa92c76db532db0a6fed13b3b42313a75e10b8f69e252f76a91d	200	200	1
2026-08-26T13:30:22Z	45598	a0c13c8d7e84fa92c76db532db0a6fed13b3b42313a75e10b8f69e252f76a91d	200	200	1
2026-08-26T13:30:23Z	45598	a0c13c8d7e84fa92c76db532db0a6fed13b3b42313a75e10b8f69e252f76a91d	200	200	1
2026-08-26T13:30:24Z	45598	a0c13c8d7e84fa92c76db532db0a6fed13b3b42313a75e10b8f69e252f76a91d	200	200	1
2026-08-26T13:30:25Z	45598	a0c13c8d7e84fa92c76db532db0a6fed13b3b42313a75e10b8f69e252f76a91d	200	200	1
2026-08-26T13:30:26Z	45598	a0c13c8d7e84fa92c76db532db0a6fed13b3b42313a75e10b8f69e252f76a91d	200	200	1
2026-08-26T13:30:27Z	45598	a0c13c8d7e84fa92c76db532db0a6fed13b3b42313a75e10b8f69e252f76a91d	200	200	1
2026-08-26T13:30:28Z	45598	a0c13c8d7e84fa92c76db532db0a6fed13b3b42313a75e10b8f69e252f76a91d	200	200	1
2026-08-26T13:30:29Z	45598	a0c13c8d7e84fa92c76db532db0a6fed13b3b42313a75e10b8f69e252f76a91d	200	200	1
2026-08-26T13:30:30Z	45598	a0c13c8d7e84fa92c76db532db0a6fed13b3b42313a75e10b8f69e252f76a91d	200	200	1
2026-08-26T13:30:32Z	45598	a0c13c8d7e84fa92c76db532db0a6fed13b3b42313a75e10b8f69e252f76a91d	200	200	1
2026-08-26T13:30:33Z	45598	a0c13c8d7e84fa92c76db532db0a6fed13b3b42313a75e10b8f69e252f76a91d	200	200	1
2026-08-26T13:30:34Z	45598	a0c13c8d7e84fa92c76db532db0a6fed13b3b42313a75e10b8f69e252f76a91d	200	200	1
2026-08-26T13:30:35Z	45598	a0c13c8d7e84fa92c76db532db0a6fed13b3b42313a75e10b8f69e252f76a91d	200	200	1
2026-08-26T13:30:36Z	45598	a0c13c8d7e84fa92c76db532db0a6fed13b3b42313a75e10b8f69e252f76a91d	200	200	1
2026-08-26T13:30:37Z	45598	a0c13c8d7e84fa92c76db532db0a6fed13b3b42313a75e10b8f69e252f76a91d	200	200	1
2026-08-26T13:30:38Z	45598	a0c13c8d7e84fa92c76db532db0a6fed13b3b42313a75e10b8f69e252f76a91d	200	200	1
2026-08-26T13:30:39Z	45598	a0c13c8d7e84fa92c76db532db0a6fed13b3b42313a75e10b8f69e252f76a91d	200	200	1
2026-08-26T13:30:40Z	45598	a0c13c8d7e84fa92c76db532db0a6fed13b3b42313a75e10b8f69e252f76a91d	200	200	1
2026-08-26T13:30:41Z	45598	a0c13c8d7e84fa92c76db532db0a6fed13b3b42313a75e10b8f69e252f76a91d	200	200	1
2026-08-26T13:30:42Z	45598	a0c13c8d7e84fa92c76db532db0a6fed13b3b42313a75e10b8f69e252f76a91d	200	200	1
2026-08-26T13:30:44Z	45598	a0c13c8d7e84fa92c76db532db0a6fed13b3b42313a75e10b8f69e252f76a91d	200	200	1
2026-08-26T13:30:45Z	45598	a0c13c8d7e84fa92c76db532db0a6fed13b3b42313a75e10b8f69e252f76a91d	200	200	1
2026-08-26T13:30:46Z	45598	a0c13c8d7e84fa92c76db532db0a6fed13b3b42313a75e10b8f69e252f76a91d	200	200	1
2026-08-26T13:30:47Z	45598	a0c13c8d7e84fa92c76db532db0a6fed13b3b42313a75e10b8f69e252f76a91d	200	200	1
2026-08-26T13:30:48Z	45598	a0c13c8d7e84fa92c76db532db0a6fed13b3b42313a75e10b8f69e252f76a91d	200	200	1
2026-08-26T13:30:49Z	45598	a0c13c8d7e84fa92c76db532db0a6fed13b3b42313a75e10b8f69e252f76a91d	200	200	1
2026-08-26T13:30:50Z	45598	a0c13c8d7e84fa92c76db532db0a6fed13b3b42313a75e10b8f69e252f76a91d	200	200	1
2026-08-26T13:30:51Z	45598	a0c13c8d7e84fa92c76db532db0a6fed13b3b42313a75e10b8f69e252f76a91d	200	200	1
2026-08-26T13:30:52Z	45598	a0c13c8d7e84fa92c76db532db0a6fed13b3b42313a75e10b8f69e252f76a91d	200	200	1
2026-08-26T13:30:53Z	45598	a0c13c8d7e84fa92c76db532db0a6fed13b3b42313a75e10b8f69e252f76a91d	200	200	1
2026-08-26T13:30:54Z	45598	a0c13c8d7e84fa92c76db532db0a6fed13b3b42313a75e10b8f69e252f76a91d	200	200	1
2026-08-26T13:30:55Z	45598	a0c13c8d7e84fa92c76db532db0a6fed13b3b42313a75e10b8f69e252f76a91d	200	200	1
2026-08-26T13:30:56Z	45598	a0c13c8d7e84fa92c76db532db0a6fed13b3b42313a75e10b8f69e252f76a91d	200	200	1
2026-08-26T13:30:57Z	45598	a0c13c8d7e84fa92c76db532db0a6fed13b3b42313a75e10b8f69e252f76a91d	200	200	1
2026-08-26T13:30:58Z	45598	a0c13c8d7e84fa92c76db532db0a6fed13b3b42313a75e10b8f69e252f76a91d	200	200	1
2026-08-26T13:30:59Z	45598	a0c13c8d7e84fa92c76db532db0a6fed13b3b42313a75e10b8f69e252f76a91d	200	200	1
2026-08-26T13:31:00Z	45598	a0c13c8d7e84fa92c76db532db0a6fed13b3b42313a75e10b8f69e252f76a91d	200	200	1
2026-08-26T13:31:01Z	45598	a0c13c8d7e84fa92c76db532db0a6fed13b3b42313a75e10b8f69e252f76a91d	200	200	1
2026-08-26T13:31:03Z	45598	a0c13c8d7e84fa92c76db532db0a6fed13b3b42313a75e10b8f69e252f76a91d	200	200	1
2026-08-26T13:31:04Z	45598	a0c13c8d7e84fa92c76db532db0a6fed13b3b42313a75e10b8f69e252f76a91d	200	200	1
2026-08-26T13:31:05Z	45598	a0c13c8d7e84fa92c76db532db0a6fed13b3b42313a75e10b8f69e252f76a91d	200	200	1
2026-08-26T13:31:06Z	45598	a0c13c8d7e84fa92c76db532db0a6fed13b3b42313a75e10b8f69e252f76a91d	200	200	1
2026-08-26T13:31:07Z	45598	a0c13c8d7e84fa92c76db532db0a6fed13b3b42313a75e10b8f69e252f76a91d	200	200	1
2026-08-26T13:31:08Z	45598	a0c13c8d7e84fa92c76db532db0a6fed13b3b42313a75e10b8f69e252f76a91d	200	200	1
2026-08-26T13:31:09Z	45598	a0c13c8d7e84fa92c76db532db0a6fed13b3b42313a75e10b8f69e252f76a91d	200	200	1
2026-08-26T13:31:10Z	45598	a0c13c8d7e84fa92c76db532db0a6fed13b3b42313a75e10b8f69e252f76a91d	200	200	1
2026-08-26T13:31:11Z	45598	a0c13c8d7e84fa92c76db532db0a6fed13b3b42313a75e10b8f69e252f76a91d	200	200	1
2026-08-26T13:31:12Z	45598	a0c13c8d7e84fa92c76db532db0a6fed13b3b42313a75e10b8f69e252f76a91d	200	200	1
2026-08-26T13:31:13Z	45598	a0c13c8d7e84fa92c76db532db0a6fed13b3b42313a75e10b8f69e252f76a91d	200	200	1
2026-08-26T13:31:14Z	45598	a0c13c8d7e84fa92c76db532db0a6fed13b3b42313a75e10b8f69e252f76a91d	200	200	1
2026-08-26T13:31:15Z	45598	a0c13c8d7e84fa92c76db532db0a6fed13b3b42313a75e10b8f69e252f76a91d	200	200	1
2026-08-26T13:31:16Z	45598	a0c13c8d7e84fa92c76db532db0a6fed13b3b42313a75e10b8f69e252f76a91d	200	200	1
2026-08-26T13:31:17Z	45598	a0c13c8d7e84fa92c76db532db0a6fed13b3b42313a75e10b8f69e252f76a91d	200	200	1
2026-08-26T13:31:18Z	45598	a0c13c8d7e84fa92c76db532db0a6fed13b3b42313a75e10b8f69e252f76a91d	200	200	1
2026-08-26T13:31:19Z	45598	a0c13c8d7e84fa92c76db532db0a6fed13b3b42313a75e10b8f69e252f76a91d	200	200	1
2026-08-26T13:31:20Z	45598	a0c13c8d7e84fa92c76db532db0a6fed13b3b42313a75e10b8f69e252f76a91d	200	200	1
2026-08-26T13:31:21Z	45598	a0c13c8d7e84fa92c76db532db0a6fed13b3b42313a75e10b8f69e252f76a91d	200	200	1
2026-08-26T13:31:23Z	45598	a0c13c8d7e84fa92c76db532db0a6fed13b3b42313a75e10b8f69e252f76a91d	200	200	1
2026-08-26T13:31:24Z	45598	a0c13c8d7e84fa92c76db532db0a6fed13b3b42313a75e10b8f69e252f76a91d	200	200	1
