2026-08-26T13:31:24Z	1	45598	none
2026-08-26T13:31:25Z	2	45598	none
2026-08-26T13:31:26Z	3	45598	none
2026-08-26T13:31:27Z	4	45598	none
2026-08-26T13:31:28Z	5	45598	none
2026-08-26T13:31:29Z	6	45598	none
2026-08-26T13:31:30Z	7	45598	none
2026-08-26T13:31:31Z	8	45598	none
2026-08-26T13:31:32Z	9	45598	none
2026-08-26T13:31:33Z	10	45598	none
2026-08-26T13:31:34Z	11	45598	none
2026-08-26T13:31:35Z	12	45598	none
2026-08-26T13:31:37Z	13	45598	none
2026-08-26T13:31:38Z	14	45598	none
2026-08-26T13:31:39Z	15	45598	none
2026-08-26T13:31:40Z	16	45598	none
2026-08-26T13:31:41Z	17	45598	none
2026-08-26T13:31:42Z	18	45598	none
2026-08-26T13:31:43Z	19	45598	none
2026-08-26T13:31:44Z	20	45598	none
2026-08-26T13:31:45Z	21	45598	none
2026-08-26T13:31:46Z	22	45598	none
2026-08-26T13:31:47Z	23	45598	none
2026-08-26T13:31:49Z	24	45598	none
2026-08-26T13:31:50Z	25	45598	none
2026-08-26T13:31:51Z	26	45598	none
2026-08-26T13:31:52Z	27	45598	none
2026-08-26T13:31:53Z	28	45598	none
2026-08-26T13:31:54Z	29	45598	none
2026-08-26T13:31:55Z	30	45598	none
