timestamp	rss_bytes	free_percent	memorystatus_percent	swap_bytes	swap_growth_bytes	crossing
2026-08-26T16:26:26Z	29310976	90	90	2178018181	0	0
2026-08-26T16:26:28Z	4806901760	86	86	2178018181	0	0
2026-08-26T16:26:30Z	10673143808	85	85	2169629573	-8388608	0
2026-08-26T16:26:32Z	18246647808	85	85	2169629573	-8388608	0
2026-08-26T16:26:34Z	15737864192	67	67	2169629573	-8388608	0
2026-08-26T16:26:36Z	13987348480	64	64	2169629573	-8388608	0
2026-08-26T16:26:38Z	12646318080	61	61	2169629573	-8388608	0
2026-08-26T16:26:40Z	12349227008	58	58	2169629573	-8388608	0
2026-08-26T16:26:42Z	13074202624	59	59	2169629573	-8388608	0
2026-08-26T16:26:44Z	10003529728	44	44	2169629573	-8388608	0
2026-08-26T16:26:46Z	8911978496	39	39	2169629573	-8388608	0
2026-08-26T16:26:48Z	8781234176	39	39	2169629573	-8388608	0
2026-08-26T16:26:50Z	8995602432	33	33	3817665987	1639647806	0
2026-08-26T16:26:52Z	4656889856	37	37	6324549059	4146530878	0
2026-08-26T16:26:54Z	6742900736	36	35	6455296000	4277277819	0
2026-08-26T16:26:56Z	6577586176	34	34	7041837957	4863819776	0
2026-08-26T16:26:58Z	6141050880	44	44	7424316539	5246298358	0
2026-08-26T16:27:00Z	4915380224	43	44	7298487419	5120469238	0
2026-08-26T16:27:02Z	3075997696	34	34	7247358853	5069340672	0
2026-08-26T16:27:05Z	2632663040	38	38	7274821059	5096802878	0
2026-08-26T16:27:07Z	2510651392	39	39	7207712195	5029694014	0
2026-08-26T16:27:10Z	2411773952	37	37	7289375293	5111357112	0
2026-08-26T16:27:12Z	2432385024	49	49	7266107392	5088089211	0
2026-08-26T16:27:14Z	2491416576	26	26	7249330176	5071311995	0
2026-08-26T16:27:16Z	2601811968	26	26	7249330176	5071311995	0
2026-08-26T16:27:18Z	2493693952	24	24	6880231424	4702213243	0
2026-08-26T16:27:20Z	2099445760	44	44	6559167939	4381149758	0
2026-08-26T16:27:22Z	2911731712	37	37	7365260739	5187242558	0
2026-08-26T16:27:24Z	3543121920	39	39	8314096189	6136078008	0
2026-08-26T16:27:26Z	3776495616	42	42	8137872507	5959854326	0
2026-08-26T16:27:28Z	4079386624	44	44	7827158467	5649140286	0
2026-08-26T16:27:30Z	3992322048	39	39	7659386307	5481368126	0
2026-08-26T16:27:32Z	4222468096	38	39	7781482496	5603464315	0
2026-08-26T16:27:34Z	4519968768	45	45	7571767296	5393749115	0
2026-08-26T16:27:36Z	4893261824	51	51	7462715392	5284697211	0
2026-08-26T16:27:38Z	5231362048	60	60	7269651579	5091633398	0
2026-08-26T16:27:40Z	4813701120	34	34	7334327747	5156309566	0
2026-08-26T16:27:42Z	3861757952	45	45	7283146752	5105128571	0
2026-08-26T16:27:44Z	3873046528	36	36	7202930688	5024912507	0
2026-08-26T16:27:46Z	3662938112	36	36	7997090693	5819072512	0
2026-08-26T16:27:48Z	3663593472	58	58	7955147653	5777129472	0
2026-08-26T16:27:50Z	3666640896	38	37	7956993147	5778974966	0
2026-08-26T16:27:52Z	3682009088	46	45	9120314819	6942296638	0
2026-08-26T16:27:55Z	3210018816	40	40	9036428739	6858410558	0
2026-08-26T16:27:57Z	3219636224	38	38	9760868925	7582850744	0
2026-08-26T16:27:59Z	2365685760	56	56	9744091709	7566073528	0
2026-08-26T16:28:01Z	2379988992	57	57	9727314493	7549296312	0
2026-08-26T16:28:03Z	2427715584	28	28	9676982845	7498964664	0
2026-08-26T16:28:05Z	2525904896	28	28	9584708157	7406689976	0
2026-08-26T16:28:07Z	2597863424	28	28	9467267645	7289249464	0
2026-08-26T16:28:09Z	2701361152	28	28	9408547389	7230529208	0
2026-08-26T16:28:11Z	2185117696	26	26	9291106877	7113088696	0
2026-08-26T16:28:13Z	1677295616	25	25	9190443581	7012425400	0
2026-08-26T16:28:15Z	968065024	22	22	9056225853	6878207672	0
2026-08-26T16:28:17Z	1013923840	21	21	8854175744	6676157563	0
2026-08-26T16:28:19Z	1120894976	23	23	8812295619	6634277438	0
2026-08-26T16:28:21Z	1180205056	22	22	8694855107	6516836926	0
2026-08-26T16:28:23Z	1293434880	21	21	8627746243	6449728062	0
2026-08-26T16:28:25Z	1384005632	21	21	8543860163	6365841982	0
2026-08-26T16:28:27Z	1468071936	20	20	8451585475	6273567294	0
2026-08-26T16:28:29Z	1505886208	21	21	8334082048	6156063867	0
2026-08-26T16:28:31Z	1223393280	20	20	8183087104	6005068923	0
2026-08-26T16:28:33Z	1287487488	20	20	8099201024	5921182843	0
2026-08-26T16:28:35Z	1308033024	20	20	8023703552	5845685371	0
2026-08-26T16:28:37Z	1410924544	20	20	7923040256	5745022075	0
2026-08-26T16:28:39Z	1522384896	20	20	7855931392	5677913211	0
2026-08-26T16:28:41Z	1621164032	20	20	7766477373	5588459192	0
2026-08-26T16:28:43Z	1668956160	19	19	7682591293	5504573112	0
2026-08-26T16:28:45Z	1772847104	20	20	7523207741	5345189560	0
2026-08-26T16:28:47Z	1933836288	20	20	7338658365	5160640184	0
2026-08-26T16:28:49Z	2173894656	20	20	7313492541	5135474360	0
2026-08-26T16:28:51Z	2328035328	18	18	7229606461	5051588280	0
2026-08-26T16:28:53Z	2798370816	17	17	7103777341	4925759160	0
2026-08-26T16:28:55Z	2834857984	18	18	7103777341	4925759160	0
2026-08-26T16:28:57Z	2951299072	18	18	7103777341	4925759160	0
2026-08-26T16:28:59Z	3126788096	19	19	7095388733	4917370552	0
2026-08-26T16:29:01Z	3368501248	20	20	7095388733	4917370552	0
2026-08-26T16:29:03Z	2852257792	18	18	7095388733	4917370552	0
2026-08-26T16:29:05Z	2811707392	18	18	7095388733	4917370552	0
2026-08-26T16:29:07Z	2994192384	19	19	7095388733	4917370552	0
2026-08-26T16:29:09Z	3125886976	19	19	7087000125	4908981944	0
2026-08-26T16:29:11Z	2513715200	17	17	7087000125	4908981944	0
2026-08-26T16:29:13Z	2476703744	17	17	7087000125	4908981944	0
2026-08-26T16:29:15Z	2603139072	18	18	7087000125	4908981944	0
2026-08-26T16:29:17Z	2549792768	17	17	7087000125	4908981944	0
2026-08-26T16:29:19Z	2238185472	18	18	7317424701	5139406520	0
2026-08-26T16:29:21Z	2279260160	17	18	7345998397	5167980216	0
2026-08-26T16:29:23Z	2399600640	19	19	7337609789	5159591608	0
2026-08-26T16:29:25Z	2439184384	21	21	7320832573	5142814392	0
2026-08-26T16:29:28Z	1724661760	25	25	7304055357	5126037176	0
2026-08-26T16:29:30Z	1883979776	18	18	7389902275	5211884094	0
2026-08-26T16:29:32Z	2071609344	18	18	7356347843	5178329662	0
2026-08-26T16:29:34Z	2184757248	18	18	7331182019	5153163838	0
2026-08-26T16:29:36Z	2292989952	19	19	7331182019	5153163838	0
2026-08-26T16:29:38Z	2427305984	19	19	7331182019	5153163838	0
2026-08-26T16:29:40Z	2217230336	19	19	7322793411	5144775230	0
2026-08-26T16:29:42Z	1828470784	18	18	7306016195	5127998014	0
2026-08-26T16:29:44Z	1916272640	18	18	7222130115	5044111934	0
2026-08-26T16:29:46Z	2033696768	18	18	7222130115	5044111934	0
2026-08-26T16:29:48Z	1580875776	16	16	7222130115	5044111934	0
2026-08-26T16:29:50Z	1617231872	16	16	7222130115	5044111934	0
2026-08-26T16:29:52Z	1765507072	17	17	7222130115	5044111934	0
2026-08-26T16:29:54Z	1936031744	18	18	7222130115	5044111934	0
2026-08-26T16:29:57Z	413548544	36	36	7693339197	5515321016	0
